{
  "_id": "6449337f1a8934b9f5905e50",
  "name": "Minimal Schema v10",
  "reference": "/Minimal/General/v10",
  "schema": {
    "$schema": "http://json-schema.org/draft-07/schema#",
    "definitions": {
      "provenance": {
        "type": "string",
        "enum": ["IN_HOUSE", "THIRD_PARTY", "OPEN_SOURCE"],
        "enumNames": ["In House", "Third Party", "Open Source"]
      },
      "entity": {
        "type": "object",
        "properties": {
          "kind": {
            "type": "string",
            "description": "Type of entity (user, group)."
          },
          "id": {
            "type": "string",
            "description": "Unique identifier for entity."
          }
        }
      }
    },
    "type": "object",
    "properties": {
      "id": {
        "type": "string"
      },
      "timeStamp": {
        "type": "string",
        "format": "date-time"
      },
      "schemaRef": {
        "title": "Schema reference",
        "type": "string"
      },
      "highLevelDetails": {
        "title": "Overview",
        "description": "Summary of the model functionality.",
        "type": "object",
        "properties": {
          "name": {
            "title": "Name of the Machine Learning Model",
            "description": "This should be descriptive name, such as 'Arabic - English Translation', and will be visible in the model marketplace.",
            "type": "string",
            "minLength": 1,
            "maxLength": 140
          },
          "modelInASentence": {
            "title": "Summarise the model in a sentence",
            "description": "This sentence will allow an individual to decide if they want to open the model card to read further Example: 'Takes Arabic text snippet inputs and outputs an English translation.'",
            "type": "string",
            "minLength": 1,
            "maxLength": 140
          },
          "modelOverview": {
            "title": "What does the model do?",
            "description": "A description of what the model does.",
            "type": "string",
            "minLength": 1,
            "maxLength": 5000
          },
          "modelCardVersion": {
            "type": "string",
            "title": "Model version",
            "maxLength": 100,
            "pattern": "^[a-zA-Z0-9\\_\\-\\.]{0,128}$"
          },
          "tags": {
            "title": "Descriptive tags for the model.",
            "description": "These tags will be searchable and will help others find this model.",
            "type": "array",
            "items": {
              "type": "string",
              "minLength": 1,
              "maxLength": 100
            },
            "uniqueItems": true
          }
        },
        "required": ["name", "modelInASentence", "modelOverview", "modelCardVersion", "tags"],
        "additionalProperties": false
      },
      "contacts": {
        "title": "Contacts",
        "description": "Details of those individuals responsible for the model, the detail in this card and the risk involved in using the model and its continued alignment with policy.",
        "type": "object",
        "properties": {
          "uploader": {
            "title": "Model Developer.",
            "description": "The individual who develops or leads the technical development of the ML model and implementation of ongoing technical actions highlighted in the model card.",
            "type": "array",
            "items": {
              "$ref": "#/definitions/entity"
            },
            "minLength": 1,
            "widget": "entitySelector"
          },
          "reviewer": {
            "title": "Model Technical Reviewer.",
            "description": "An experienced data scientist, responsible for reviewing and checking technical information added to the model card by the Model Developer before approving the model for operational use.",
            "type": "array",
            "items": {
              "$ref": "#/definitions/entity"
            },
            "minLength": 1,
            "widget": "entitySelector"
          },
          "manager": {
            "title": "Senior Responsible Officer.",
            "description": "A senior member of staff responsible for owning the ML model, associated legal, ethical and operational risk, and ensuring that the ML Model and its use is compliant with policy.",
            "type": "array",
            "items": {
              "$ref": "#/definitions/entity"
            },
            "minLength": 1,
            "widget": "entitySelector"
          }
        },
        "required": ["uploader", "reviewer", "manager"],
        "additionalProperties": false
      },
      "buildOptions": {
        "title": "Build Options",
        "description": "Optional build options for a model",
        "type": "object",
        "properties": {
          "uploadType": {
            "type": "string",
            "title": "Upload type",
            "default": "Code and binaries",
            "description": "Select the type of model upload that you want",
            "enum": ["Code and binaries", "Model card only", "Prebuilt Docker image"]
          },
          "seldonVersion": {
            "title": "Seldon version",
            "type": "string",
            "widget": "seldonVersionSelector"
          }
        },
        "dependencies": {
          "uploadType": {
            "oneOf": [
              {
                "properties": {
                  "uploadType": {
                    "enum": ["Model card only", "Prebuilt Docker image"],
                    "readOnly": false
                  },
                  "seldonVersion": {
                    "readOnly": true
                  }
                },
                "required": ["uploadType"],
                "additionalProperties": false
              },
              {
                "properties": {
                  "uploadType": {
                    "enum": ["Code and binaries"],
                    "readOnly": true
                  },
                  "seldonVersion": {
                    "description": "Select a seldon version for your build.",
                    "readOnly": false
                  }
                },
                "required": ["uploadType", "seldonVersion"],
                "additionalProperties": false
              }
            ]
          }
        },
        "required": ["uploadType"]
      }
    },
    "required": ["timeStamp", "highLevelDetails"]
  },
  "use": "UPLOAD",
  "createdAt": "2023-04-26T14:21:51.487Z",
  "updatedAt": "2023-04-26T14:21:51.487Z",
  "__v": 0,
  "id": "6449337f1a8934b9f5905e50"
}
