{
  "_id": "644934180c2b7aa23003885f",
  "uuid": "minimal-model-for-testing-pjwi8a",
  "model": "644934180c2b7aa23003885d",
  "version": "v1.0",
  "metadata": {
    "highLevelDetails": {
      "tags": ["Test"],
      "name": "Minimal Model for Testing",
      "modelInASentence": "This \"model\" reverses its input.",
      "modelOverview": "This \"model\" reverses its input. It is a tiny model for testing Bailo functionality.",
      "modelCardVersion": "v1.0"
    },
    "contacts": {
      "uploader": [
        {
          "kind": "user",
          "id": "test"
        }
      ],
      "reviewer": [
        {
          "kind": "user",
          "id": "test"
        }
      ],
      "manager": [
        {
          "kind": "user",
          "id": "test"
        }
      ]
    },
    "buildOptions": {
      "uploadType": "Code and binaries",
      "seldonVersion": "seldonio/seldon-core-s2i-python37:1.10.0"
    },
    "schemaRef": "/Minimal/General/v10",
    "timeStamp": "2023-04-26T14:24:24.915Z"
  },
  "built": true,
  "managerApproved": "Accepted",
  "reviewerApproved": "Accepted",
  "deleted": false,
  "createdAt": "2023-04-26T14:24:24.942Z",
  "updatedAt": "2023-04-26T14:35:24.974Z",
  "__v": 0,
  "files": {
    "rawCodePath": "model/644934180c2b7aa23003885d/version/644934180c2b7aa23003885f/raw/code/1cdaeff6-d86e-40c9-9b13-98456a48f60f",
    "rawBinaryPath": "model/644934180c2b7aa23003885d/version/644934180c2b7aa23003885f/raw/binary/5dc74c50-3bf7-44d6-abd4-a0a98827364a"
  },
  "managerLastViewed": "2023-04-26T14:35:38.100Z",
  "reviewerLastViewed": "2023-04-26T14:35:38.099Z",
  "state": {
    "build": {
      "state": "succeeded"
    }
  },
  "id": "644934180c2b7aa23003885f"
}
